date,value,indicator
2000-01-01,97.8,import_price_index
2000-02-01,99.7,import_price_index
2000-03-01,99.9,import_price_index
2000-04-01,98.5,import_price_index
2000-05-01,98.8,import_price_index
2000-06-01,100.2,import_price_index
2000-07-01,100.2,import_price_index
2000-08-01,100.4,import_price_index
2000-09-01,101.6,import_price_index
2000-10-01,101.2,import_price_index
2000-11-01,101.2,import_price_index
2000-12-01,100.5,import_price_index
2001-01-01,100.5,import_price_index
2001-02-01,99.9,import_price_index
2001-03-01,98.3,import_price_index
2001-04-01,97.8,import_price_index
2001-05-01,98.0,import_price_index
2001-06-01,97.6,import_price_index
2001-07-01,96.1,import_price_index
2001-08-01,96.0,import_price_index
2001-09-01,95.9,import_price_index
2001-10-01,93.7,import_price_index
2001-11-01,92.3,import_price_index
2001-12-01,91.4,import_price_index
2002-01-01,91.6,import_price_index
2002-02-01,91.6,import_price_index
2002-03-01,92.8,import_price_index
2002-04-01,94.3,import_price_index
2002-05-01,94.4,import_price_index
2002-06-01,94.1,import_price_index
2002-07-01,94.5,import_price_index
2002-08-01,94.8,import_price_index
2002-09-01,95.5,import_price_index
2002-10-01,95.5,import_price_index
2002-11-01,94.6,import_price_index
2002-12-01,95.2,import_price_index
2003-01-01,96.9,import_price_index
2003-02-01,98.5,import_price_index
2003-03-01,99.1,import_price_index
2003-04-01,96.0,import_price_index
2003-05-01,95.3,import_price_index
2003-06-01,96.2,import_price_index
2003-07-01,96.7,import_price_index
2003-08-01,96.7,import_price_index
2003-09-01,96.2,import_price_index
2003-10-01,96.3,import_price_index
2003-11-01,96.8,import_price_index
2003-12-01,97.5,import_price_index
2004-01-01,99.0,import_price_index
2004-02-01,99.4,import_price_index
2004-03-01,100.2,import_price_index
2004-04-01,100.4,import_price_index
2004-05-01,101.9,import_price_index
2004-06-01,101.7,import_price_index
2004-07-01,102.1,import_price_index
2004-08-01,103.6,import_price_index
2004-09-01,104.1,import_price_index
2004-10-01,105.8,import_price_index
2004-11-01,105.5,import_price_index
2004-12-01,104.0,import_price_index
2005-01-01,104.6,import_price_index
2005-02-01,105.5,import_price_index
2005-03-01,107.8,import_price_index
2005-04-01,108.8,import_price_index
2005-05-01,107.9,import_price_index
2005-06-01,109.2,import_price_index
2005-07-01,110.5,import_price_index
2005-08-01,112.1,import_price_index
2005-09-01,114.4,import_price_index
2005-10-01,114.5,import_price_index
2005-11-01,112.3,import_price_index
2005-12-01,112.3,import_price_index
2006-01-01,113.7,import_price_index
2006-02-01,112.8,import_price_index
2006-03-01,112.7,import_price_index
2006-04-01,115.1,import_price_index
2006-05-01,117.2,import_price_index
2006-06-01,117.3,import_price_index
2006-07-01,118.2,import_price_index
2006-08-01,118.8,import_price_index
2006-09-01,116.2,import_price_index
2006-10-01,113.3,import_price_index
2006-11-01,113.8,import_price_index
2006-12-01,115.1,import_price_index
2007-01-01,113.7,import_price_index
2007-02-01,114.1,import_price_index
2007-03-01,115.9,import_price_index
2007-04-01,117.5,import_price_index
2007-05-01,118.6,import_price_index
2007-06-01,120.0,import_price_index
2007-07-01,121.5,import_price_index
2007-08-01,121.1,import_price_index
2007-09-01,121.8,import_price_index
2007-10-01,123.6,import_price_index
2007-11-01,127.5,import_price_index
2007-12-01,127.3,import_price_index
2008-01-01,129.2,import_price_index
2008-02-01,129.5,import_price_index
2008-03-01,133.5,import_price_index
2008-04-01,137.3,import_price_index
2008-05-01,141.2,import_price_index
2008-06-01,145.5,import_price_index
2008-07-01,147.5,import_price_index
2008-08-01,143.0,import_price_index
2008-09-01,137.8,import_price_index
2008-10-01,129.6,import_price_index
2008-11-01,120.0,import_price_index
2008-12-01,114.5,import_price_index
2009-01-01,113.0,import_price_index
2009-02-01,113.0,import_price_index
2009-03-01,113.6,import_price_index
2009-04-01,114.8,import_price_index
2009-05-01,116.8,import_price_index
2009-06-01,120.0,import_price_index
2009-07-01,119.3,import_price_index
2009-08-01,121.1,import_price_index
2009-09-01,121.3,import_price_index
2009-10-01,122.3,import_price_index
2009-11-01,124.1,import_price_index
2009-12-01,124.4,import_price_index
2010-01-01,125.9,import_price_index
2010-02-01,125.8,import_price_index
2010-03-01,126.3,import_price_index
2010-04-01,127.7,import_price_index
2010-05-01,126.7,import_price_index
2010-06-01,125.2,import_price_index
2010-07-01,125.2,import_price_index
2010-08-01,125.7,import_price_index
2010-09-01,125.7,import_price_index
2010-10-01,127.1,import_price_index
2010-11-01,129.2,import_price_index
2010-12-01,131.0,import_price_index
2011-01-01,133.0,import_price_index
2011-02-01,135.3,import_price_index
2011-03-01,139.3,import_price_index
2011-04-01,142.9,import_price_index
2011-05-01,143.1,import_price_index
2011-06-01,142.2,import_price_index
2011-07-01,142.4,import_price_index
2011-08-01,141.9,import_price_index
2011-09-01,141.7,import_price_index
2011-10-01,141.2,import_price_index
2011-11-01,142.2,import_price_index
2011-12-01,142.2,import_price_index
2012-01-01,142.2,import_price_index
2012-02-01,142.2,import_price_index
2012-03-01,144.2,import_price_index
2012-04-01,144.1,import_price_index
2012-05-01,142.0,import_price_index
2012-06-01,138.7,import_price_index
2012-07-01,137.7,import_price_index
2012-08-01,139.4,import_price_index
2012-09-01,140.8,import_price_index
2012-10-01,141.2,import_price_index
2012-11-01,140.2,import_price_index
2012-12-01,139.4,import_price_index
2013-01-01,140.1,import_price_index
2013-02-01,141.3,import_price_index
2013-03-01,141.2,import_price_index
2013-04-01,140.2,import_price_index
2013-05-01,139.4,import_price_index
2013-06-01,138.8,import_price_index
2013-07-01,138.9,import_price_index
2013-08-01,139.4,import_price_index
2013-09-01,139.8,import_price_index
2013-10-01,138.9,import_price_index
2013-11-01,137.7,import_price_index
2013-12-01,137.8,import_price_index
2014-01-01,138.3,import_price_index
2014-02-01,139.8,import_price_index
2014-03-01,140.5,import_price_index
2014-04-01,139.7,import_price_index
2014-05-01,140.1,import_price_index
2014-06-01,140.5,import_price_index
2014-07-01,140.1,import_price_index
2014-08-01,139.0,import_price_index
2014-09-01,137.9,import_price_index
2014-10-01,136.0,import_price_index
2014-11-01,133.5,import_price_index
2014-12-01,130.1,import_price_index
2015-01-01,126.0,import_price_index
2015-02-01,125.5,import_price_index
2015-03-01,125.3,import_price_index
2015-04-01,125.1,import_price_index
2015-05-01,126.5,import_price_index
2015-06-01,126.6,import_price_index
2015-07-01,125.4,import_price_index
2015-08-01,123.2,import_price_index
2015-09-01,121.9,import_price_index
2015-10-01,121.5,import_price_index
2015-11-01,120.8,import_price_index
2015-12-01,119.3,import_price_index
2016-01-01,117.8,import_price_index
2016-02-01,117.2,import_price_index
2016-03-01,117.7,import_price_index
2016-04-01,118.5,import_price_index
2016-05-01,119.9,import_price_index
2016-06-01,120.7,import_price_index
2016-07-01,120.8,import_price_index
2016-08-01,120.5,import_price_index
2016-09-01,120.6,import_price_index
2016-10-01,121.2,import_price_index
2016-11-01,121.1,import_price_index
2016-12-01,121.6,import_price_index
2017-01-01,122.3,import_price_index
2017-02-01,122.7,import_price_index
2017-03-01,122.5,import_price_index
2017-04-01,122.8,import_price_index
2017-05-01,122.7,import_price_index
2017-06-01,122.4,import_price_index
2017-07-01,122.2,import_price_index
2017-08-01,122.9,import_price_index
2017-09-01,123.9,import_price_index
2017-10-01,124.1,import_price_index
2017-11-01,125.3,import_price_index
2017-12-01,125.5,import_price_index
2018-01-01,126.5,import_price_index
2018-02-01,126.8,import_price_index
2018-03-01,126.5,import_price_index
2018-04-01,127.1,import_price_index
2018-05-01,128.2,import_price_index
2018-06-01,128.2,import_price_index
2018-07-01,128.1,import_price_index
2018-08-01,127.6,import_price_index
2018-09-01,127.7,import_price_index
2018-10-01,128.3,import_price_index
2018-11-01,126.2,import_price_index
2018-12-01,124.4,import_price_index
2019-01-01,124.6,import_price_index
2019-02-01,125.9,import_price_index
2019-03-01,126.6,import_price_index
2019-04-01,126.8,import_price_index
2019-05-01,127.0,import_price_index
2019-06-01,125.6,import_price_index
2019-07-01,125.6,import_price_index
2019-08-01,124.9,import_price_index
2019-09-01,125.0,import_price_index
2019-10-01,124.5,import_price_index
2019-11-01,124.7,import_price_index
2019-12-01,125.0,import_price_index
2020-01-01,125.2,import_price_index
2020-02-01,124.3,import_price_index
2020-03-01,121.3,import_price_index
2020-04-01,118.2,import_price_index
2020-05-01,119.0,import_price_index
2020-06-01,120.6,import_price_index
2020-07-01,122.1,import_price_index
2020-08-01,123.2,import_price_index
2020-09-01,123.4,import_price_index
2020-10-01,123.3,import_price_index
2020-11-01,123.4,import_price_index
2020-12-01,124.6,import_price_index
2021-01-01,126.5,import_price_index
2021-02-01,128.0,import_price_index
2021-03-01,129.9,import_price_index
2021-04-01,131.1,import_price_index
2021-05-01,132.8,import_price_index
2021-06-01,134.2,import_price_index
2021-07-01,134.6,import_price_index
2021-08-01,134.3,import_price_index
2021-09-01,134.9,import_price_index
2021-10-01,136.9,import_price_index
2021-11-01,137.9,import_price_index
2021-12-01,137.4,import_price_index
2022-01-01,140.1,import_price_index
2022-02-01,142.6,import_price_index
2022-03-01,146.8,import_price_index
2022-04-01,147.5,import_price_index
2022-05-01,148.2,import_price_index
2022-06-01,148.5,import_price_index
2022-07-01,146.4,import_price_index
2022-08-01,144.6,import_price_index
2022-09-01,143.1,import_price_index
2022-10-01,142.7,import_price_index
2022-11-01,141.6,import_price_index
2022-12-01,141.8,import_price_index
2023-01-01,141.3,import_price_index
2023-02-01,141.0,import_price_index
2023-03-01,139.9,import_price_index
2023-04-01,140.3,import_price_index
2023-05-01,139.7,import_price_index
2023-06-01,139.4,import_price_index
2023-07-01,139.4,import_price_index
2023-08-01,140.3,import_price_index
2023-09-01,141.0,import_price_index
2023-10-01,140.1,import_price_index
2023-11-01,139.4,import_price_index
2023-12-01,138.4,import_price_index
2024-01-01,139.4,import_price_index
2024-02-01,139.7,import_price_index
2024-03-01,140.5,import_price_index
2024-04-01,141.7,import_price_index
2024-05-01,141.5,import_price_index
2024-06-01,141.6,import_price_index
2024-07-01,141.8,import_price_index
2024-08-01,141.4,import_price_index
2024-09-01,140.9,import_price_index
2024-10-01,141.1,import_price_index
2024-11-01,141.3,import_price_index
2024-12-01,141.4,import_price_index
2025-01-01,141.8,import_price_index
2025-02-01,142.1,import_price_index
2025-03-01,141.6,import_price_index
2025-04-01,141.7,import_price_index
2025-05-01,141.0,import_price_index
2025-06-01,140.8,import_price_index
2025-07-01,141.2,import_price_index
2025-08-01,141.0,import_price_index
2025-09-01,140.8,import_price_index
2025-10-01,,import_price_index
2025-11-01,141.1,import_price_index
2025-12-01,141.4,import_price_index
2026-01-01,141.7,import_price_index
2000-01-01,99.2,export_price_index
2000-02-01,99.6,export_price_index
2000-03-01,100.0,export_price_index
2000-04-01,100.0,export_price_index
2000-05-01,100.2,export_price_index
2000-06-01,100.1,export_price_index
2000-07-01,100.0,export_price_index
2000-08-01,99.8,export_price_index
2000-09-01,100.4,export_price_index
2000-10-01,100.3,export_price_index
2000-11-01,100.3,export_price_index
2000-12-01,100.1,export_price_index
2001-01-01,100.3,export_price_index
2001-02-01,100.2,export_price_index
2001-03-01,100.0,export_price_index
2001-04-01,99.9,export_price_index
2001-05-01,99.6,export_price_index
2001-06-01,99.4,export_price_index
2001-07-01,99.0,export_price_index
2001-08-01,98.8,export_price_index
2001-09-01,99.0,export_price_index
2001-10-01,98.3,export_price_index
2001-11-01,97.8,export_price_index
2001-12-01,97.6,export_price_index
2002-01-01,97.5,export_price_index
2002-02-01,97.3,export_price_index
2002-03-01,97.6,export_price_index
2002-04-01,98.0,export_price_index
2002-05-01,98.0,export_price_index
2002-06-01,98.0,export_price_index
2002-07-01,98.3,export_price_index
2002-08-01,98.5,export_price_index
2002-09-01,98.8,export_price_index
2002-10-01,98.7,export_price_index
2002-11-01,98.8,export_price_index
2002-12-01,98.6,export_price_index
2003-01-01,98.9,export_price_index
2003-02-01,99.5,export_price_index
2003-03-01,99.7,export_price_index
2003-04-01,99.6,export_price_index
2003-05-01,99.7,export_price_index
2003-06-01,99.5,export_price_index
2003-07-01,99.4,export_price_index
2003-08-01,99.4,export_price_index
2003-09-01,99.8,export_price_index
2003-10-01,100.0,export_price_index
2003-11-01,100.5,export_price_index
2003-12-01,100.8,export_price_index
2004-01-01,101.5,export_price_index
2004-02-01,102.2,export_price_index
2004-03-01,103.0,export_price_index
2004-04-01,103.7,export_price_index
2004-05-01,104.1,export_price_index
2004-06-01,103.4,export_price_index
2004-07-01,103.9,export_price_index
2004-08-01,103.4,export_price_index
2004-09-01,103.8,export_price_index
2004-10-01,104.4,export_price_index
2004-11-01,104.7,export_price_index
2004-12-01,104.8,export_price_index
2005-01-01,105.6,export_price_index
2005-02-01,105.7,export_price_index
2005-03-01,106.4,export_price_index
2005-04-01,106.9,export_price_index
2005-05-01,106.7,export_price_index
2005-06-01,106.7,export_price_index
2005-07-01,106.8,export_price_index
2005-08-01,106.6,export_price_index
2005-09-01,107.5,export_price_index
2005-10-01,108.3,export_price_index
2005-11-01,107.6,export_price_index
2005-12-01,107.7,export_price_index
2006-01-01,108.5,export_price_index
2006-02-01,108.6,export_price_index
2006-03-01,108.8,export_price_index
2006-04-01,109.6,export_price_index
2006-05-01,110.4,export_price_index
2006-06-01,111.2,export_price_index
2006-07-01,111.6,export_price_index
2006-08-01,112.1,export_price_index
2006-09-01,111.7,export_price_index
2006-10-01,111.4,export_price_index
2006-11-01,111.8,export_price_index
2006-12-01,112.5,export_price_index
2007-01-01,113.0,export_price_index
2007-02-01,113.9,export_price_index
2007-03-01,114.7,export_price_index
2007-04-01,115.2,export_price_index
2007-05-01,115.5,export_price_index
2007-06-01,116.0,export_price_index
2007-07-01,116.1,export_price_index
2007-08-01,116.3,export_price_index
2007-09-01,116.7,export_price_index
2007-10-01,117.6,export_price_index
2007-11-01,118.7,export_price_index
2007-12-01,119.3,export_price_index
2008-01-01,120.7,export_price_index
2008-02-01,121.8,export_price_index
2008-03-01,123.8,export_price_index
2008-04-01,124.4,export_price_index
2008-05-01,124.8,export_price_index
2008-06-01,126.1,export_price_index
2008-07-01,128.0,export_price_index
2008-08-01,125.9,export_price_index
2008-09-01,124.9,export_price_index
2008-10-01,122.3,export_price_index
2008-11-01,118.4,export_price_index
2008-12-01,115.8,export_price_index
2009-01-01,116.6,export_price_index
2009-02-01,116.3,export_price_index
2009-03-01,115.5,export_price_index
2009-04-01,116.1,export_price_index
2009-05-01,116.6,export_price_index
2009-06-01,117.8,export_price_index
2009-07-01,117.4,export_price_index
2009-08-01,118.1,export_price_index
2009-09-01,117.9,export_price_index
2009-10-01,117.9,export_price_index
2009-11-01,118.9,export_price_index
2009-12-01,119.7,export_price_index
2010-01-01,120.7,export_price_index
2010-02-01,120.3,export_price_index
2010-03-01,121.2,export_price_index
2010-04-01,122.5,export_price_index
2010-05-01,123.1,export_price_index
2010-06-01,122.2,export_price_index
2010-07-01,122.0,export_price_index
2010-08-01,123.0,export_price_index
2010-09-01,123.7,export_price_index
2010-10-01,124.7,export_price_index
2010-11-01,126.6,export_price_index
2010-12-01,127.5,export_price_index
2011-01-01,129.1,export_price_index
2011-02-01,130.8,export_price_index
2011-03-01,132.7,export_price_index
2011-04-01,133.8,export_price_index
2011-05-01,134.3,export_price_index
2011-06-01,134.5,export_price_index
2011-07-01,134.0,export_price_index
2011-08-01,134.6,export_price_index
2011-09-01,135.3,export_price_index
2011-10-01,132.6,export_price_index
2011-11-01,132.7,export_price_index
2011-12-01,132.1,export_price_index
2012-01-01,132.5,export_price_index
2012-02-01,133.1,export_price_index
2012-03-01,134.1,export_price_index
2012-04-01,134.7,export_price_index
2012-05-01,134.0,export_price_index
2012-06-01,131.7,export_price_index
2012-07-01,132.2,export_price_index
2012-08-01,133.4,export_price_index
2012-09-01,134.5,export_price_index
2012-10-01,134.6,export_price_index
2012-11-01,133.8,export_price_index
2012-12-01,133.6,export_price_index
2013-01-01,134.1,export_price_index
2013-02-01,135.1,export_price_index
2013-03-01,134.4,export_price_index
2013-04-01,133.6,export_price_index
2013-05-01,132.9,export_price_index
2013-06-01,132.8,export_price_index
2013-07-01,132.6,export_price_index
2013-08-01,131.9,export_price_index
2013-09-01,132.4,export_price_index
2013-10-01,131.6,export_price_index
2013-11-01,131.8,export_price_index
2013-12-01,132.3,export_price_index
2014-01-01,132.7,export_price_index
2014-02-01,133.7,export_price_index
2014-03-01,134.9,export_price_index
2014-04-01,133.5,export_price_index
2014-05-01,133.7,export_price_index
2014-06-01,133.0,export_price_index
2014-07-01,133.1,export_price_index
2014-08-01,132.4,export_price_index
2014-09-01,131.9,export_price_index
2014-10-01,130.7,export_price_index
2014-11-01,129.5,export_price_index
2014-12-01,128.3,export_price_index
2015-01-01,126.1,export_price_index
2015-02-01,125.9,export_price_index
2015-03-01,125.9,export_price_index
2015-04-01,125.1,export_price_index
2015-05-01,125.7,export_price_index
2015-06-01,125.3,export_price_index
2015-07-01,124.8,export_price_index
2015-08-01,123.0,export_price_index
2015-09-01,122.3,export_price_index
2015-10-01,122.0,export_price_index
2015-11-01,121.1,export_price_index
2015-12-01,119.8,export_price_index
2016-01-01,118.7,export_price_index
2016-02-01,118.2,export_price_index
2016-03-01,118.1,export_price_index
2016-04-01,118.7,export_price_index
2016-05-01,120.0,export_price_index
2016-06-01,120.9,export_price_index
2016-07-01,121.1,export_price_index
2016-08-01,120.1,export_price_index
2016-09-01,120.5,export_price_index
2016-10-01,120.7,export_price_index
2016-11-01,120.8,export_price_index
2016-12-01,121.3,export_price_index
2017-01-01,121.6,export_price_index
2017-02-01,122.0,export_price_index
2017-03-01,122.1,export_price_index
2017-04-01,122.4,export_price_index
2017-05-01,121.7,export_price_index
2017-06-01,121.6,export_price_index
2017-07-01,122.2,export_price_index
2017-08-01,122.9,export_price_index
2017-09-01,123.9,export_price_index
2017-10-01,124.0,export_price_index
2017-11-01,124.6,export_price_index
2017-12-01,124.7,export_price_index
2018-01-01,125.6,export_price_index
2018-02-01,125.8,export_price_index
2018-03-01,126.3,export_price_index
2018-04-01,126.9,export_price_index
2018-05-01,127.8,export_price_index
2018-06-01,128.0,export_price_index
2018-07-01,127.4,export_price_index
2018-08-01,127.3,export_price_index
2018-09-01,127.3,export_price_index
2018-10-01,127.9,export_price_index
2018-11-01,126.9,export_price_index
2018-12-01,126.1,export_price_index
2019-01-01,125.3,export_price_index
2019-02-01,126.1,export_price_index
2019-03-01,127.0,export_price_index
2019-04-01,127.1,export_price_index
2019-05-01,126.7,export_price_index
2019-06-01,126.0,export_price_index
2019-07-01,126.2,export_price_index
2019-08-01,125.5,export_price_index
2019-09-01,125.1,export_price_index
2019-10-01,125.1,export_price_index
2019-11-01,125.2,export_price_index
2019-12-01,125.0,export_price_index
2020-01-01,125.8,export_price_index
2020-02-01,124.3,export_price_index
2020-03-01,122.5,export_price_index
2020-04-01,118.2,export_price_index
2020-05-01,118.2,export_price_index
2020-06-01,120.3,export_price_index
2020-07-01,121.5,export_price_index
2020-08-01,122.1,export_price_index
2020-09-01,122.8,export_price_index
2020-10-01,123.0,export_price_index
2020-11-01,124.0,export_price_index
2020-12-01,125.5,export_price_index
2021-01-01,128.9,export_price_index
2021-02-01,131.0,export_price_index
2021-03-01,134.3,export_price_index
2021-04-01,135.9,export_price_index
2021-05-01,139.0,export_price_index
2021-06-01,140.6,export_price_index
2021-07-01,142.1,export_price_index
2021-08-01,142.4,export_price_index
2021-09-01,142.8,export_price_index
2021-10-01,145.5,export_price_index
2021-11-01,146.5,export_price_index
2021-12-01,144.2,export_price_index
2022-01-01,148.2,export_price_index
2022-02-01,153.0,export_price_index
2022-03-01,159.0,export_price_index
2022-04-01,160.6,export_price_index
2022-05-01,164.9,export_price_index
2022-06-01,166.7,export_price_index
2022-07-01,160.5,export_price_index
2022-08-01,158.3,export_price_index
2022-09-01,156.8,export_price_index
2022-10-01,156.0,export_price_index
2022-11-01,155.4,export_price_index
2022-12-01,150.8,export_price_index
2023-01-01,151.1,export_price_index
2023-02-01,151.7,export_price_index
2023-03-01,151.1,export_price_index
2023-04-01,151.0,export_price_index
2023-05-01,147.9,export_price_index
2023-06-01,147.0,export_price_index
2023-07-01,147.5,export_price_index
2023-08-01,149.2,export_price_index
2023-09-01,150.0,export_price_index
2023-10-01,148.6,export_price_index
2023-11-01,147.5,export_price_index
2023-12-01,146.5,export_price_index
2024-01-01,147.5,export_price_index
2024-02-01,148.6,export_price_index
2024-03-01,148.8,export_price_index
2024-04-01,149.8,export_price_index
2024-05-01,148.8,export_price_index
2024-06-01,148.4,export_price_index
2024-07-01,149.2,export_price_index
2024-08-01,148.2,export_price_index
2024-09-01,147.3,export_price_index
2024-10-01,148.8,export_price_index
2024-11-01,148.8,export_price_index
2024-12-01,149.5,export_price_index
2025-01-01,151.6,export_price_index
2025-02-01,152.6,export_price_index
2025-03-01,152.5,export_price_index
2025-04-01,152.6,export_price_index
2025-05-01,151.6,export_price_index
2025-06-01,152.3,export_price_index
2025-07-01,152.8,export_price_index
2025-08-01,153.0,export_price_index
2025-09-01,153.0,export_price_index
2025-10-01,,export_price_index
2025-11-01,153.7,export_price_index
2025-12-01,154.6,export_price_index
2026-01-01,155.6,export_price_index
2000-01-01,103.1,steel_import_price
2000-02-01,103.7,steel_import_price
2000-03-01,104.4,steel_import_price
2000-04-01,105.6,steel_import_price
2000-05-01,106.0,steel_import_price
2000-06-01,105.8,steel_import_price
2000-07-01,105.7,steel_import_price
2000-08-01,104.6,steel_import_price
2000-09-01,104.3,steel_import_price
2000-10-01,103.1,steel_import_price
2000-11-01,101.8,steel_import_price
2000-12-01,100.9,steel_import_price
2001-01-01,99.3,steel_import_price
2001-02-01,98.5,steel_import_price
2001-03-01,98.4,steel_import_price
2001-04-01,97.6,steel_import_price
2001-05-01,97.3,steel_import_price
2001-06-01,96.9,steel_import_price
2001-07-01,97.1,steel_import_price
2001-08-01,96.7,steel_import_price
2001-09-01,96.1,steel_import_price
2001-10-01,95.6,steel_import_price
2001-11-01,95.2,steel_import_price
2001-12-01,94.7,steel_import_price
2002-01-01,94.1,steel_import_price
2002-02-01,94.1,steel_import_price
2002-03-01,95.4,steel_import_price
2002-04-01,96.2,steel_import_price
2002-05-01,97.7,steel_import_price
2002-06-01,99.5,steel_import_price
2002-07-01,101.1,steel_import_price
2002-08-01,102.7,steel_import_price
2002-09-01,104.8,steel_import_price
2002-10-01,105.4,steel_import_price
2002-11-01,105.1,steel_import_price
2002-12-01,104.7,steel_import_price
2003-01-01,104.2,steel_import_price
2003-02-01,104.0,steel_import_price
2003-03-01,103.7,steel_import_price
2003-04-01,103.8,steel_import_price
2003-05-01,103.3,steel_import_price
2003-06-01,102.9,steel_import_price
2003-07-01,102.3,steel_import_price
2003-08-01,102.3,steel_import_price
2003-09-01,102.8,steel_import_price
2003-10-01,104.4,steel_import_price
2003-11-01,105.3,steel_import_price
2003-12-01,106.7,steel_import_price
2004-01-01,109.9,steel_import_price
2004-02-01,116.0,steel_import_price
2004-03-01,121.7,steel_import_price
2004-04-01,129.8,steel_import_price
2004-05-01,136.3,steel_import_price
2004-06-01,134.8,steel_import_price
2004-07-01,138.6,steel_import_price
2004-08-01,144.4,steel_import_price
2004-09-01,148.1,steel_import_price
2004-10-01,150.6,steel_import_price
2004-11-01,153.0,steel_import_price
2004-12-01,153.8,steel_import_price
2005-01-01,157.4,steel_import_price
2005-02-01,157.9,steel_import_price
2005-03-01,153.2,steel_import_price
2005-04-01,151.3,steel_import_price
2005-05-01,147.1,steel_import_price
2005-06-01,141.5,steel_import_price
2005-07-01,139.3,steel_import_price
2005-08-01,133.7,steel_import_price
2005-09-01,136.1,steel_import_price
2005-10-01,140.6,steel_import_price
2005-11-01,146.1,steel_import_price
2005-12-01,146.1,steel_import_price
2006-01-01,149.8,steel_import_price
2006-02-01,149.7,steel_import_price
2006-03-01,149.8,steel_import_price
2006-04-01,151.3,steel_import_price
2006-05-01,153.4,steel_import_price
2006-06-01,159.9,steel_import_price
2006-07-01,167.5,steel_import_price
2006-08-01,169.7,steel_import_price
2006-09-01,174.5,steel_import_price
2006-10-01,176.5,steel_import_price
2006-11-01,167.9,steel_import_price
2006-12-01,167.5,steel_import_price
2007-01-01,163.5,steel_import_price
2007-02-01,166.5,steel_import_price
2007-03-01,170.3,steel_import_price
2007-04-01,177.8,steel_import_price
2007-05-01,181.0,steel_import_price
2007-06-01,181.2,steel_import_price
2007-07-01,180.2,steel_import_price
2007-08-01,172.1,steel_import_price
2007-09-01,168.3,steel_import_price
2007-10-01,165.1,steel_import_price
2007-11-01,168.4,steel_import_price
2007-12-01,169.9,steel_import_price
2008-01-01,171.5,steel_import_price
2008-02-01,173.1,steel_import_price
2008-03-01,182.1,steel_import_price
2008-04-01,194.9,steel_import_price
2008-05-01,213.5,steel_import_price
2008-06-01,227.5,steel_import_price
2008-07-01,232.3,steel_import_price
2008-08-01,237.6,steel_import_price
2008-09-01,231.2,steel_import_price
2008-10-01,208.3,steel_import_price
2008-11-01,191.3,steel_import_price
2008-12-01,167.0,steel_import_price
2009-01-01,159.1,steel_import_price
2009-02-01,152.3,steel_import_price
2009-03-01,148.4,steel_import_price
2009-04-01,138.3,steel_import_price
2009-05-01,135.0,steel_import_price
2009-06-01,136.6,steel_import_price
2009-07-01,140.1,steel_import_price
2009-08-01,145.7,steel_import_price
2009-09-01,151.8,steel_import_price
2009-10-01,158.1,steel_import_price
2009-11-01,153.9,steel_import_price
2009-12-01,154.1,steel_import_price
2010-01-01,158.8,steel_import_price
2010-02-01,164.7,steel_import_price
2010-03-01,170.3,steel_import_price
2010-04-01,179.0,steel_import_price
2010-05-01,186.5,steel_import_price
2010-06-01,189.2,steel_import_price
2010-07-01,180.2,steel_import_price
2010-08-01,173.5,steel_import_price
2010-09-01,173.5,steel_import_price
2010-10-01,175.1,steel_import_price
2010-11-01,174.7,steel_import_price
2010-12-01,175.9,steel_import_price
2011-01-01,181.4,steel_import_price
2011-02-01,193.0,steel_import_price
2011-03-01,197.7,steel_import_price
2011-04-01,201.5,steel_import_price
2011-05-01,201.5,steel_import_price
2011-06-01,199.2,steel_import_price
2011-07-01,199.7,steel_import_price
2011-08-01,200.0,steel_import_price
2011-09-01,199.7,steel_import_price
2011-10-01,197.8,steel_import_price
2011-11-01,196.6,steel_import_price
2011-12-01,196.1,steel_import_price
2012-01-01,196.3,steel_import_price
2012-02-01,198.2,steel_import_price
2012-03-01,196.3,steel_import_price
2012-04-01,196.3,steel_import_price
2012-05-01,195.2,steel_import_price
2012-06-01,189.9,steel_import_price
2012-07-01,186.0,steel_import_price
2012-08-01,180.7,steel_import_price
2012-09-01,183.7,steel_import_price
2012-10-01,179.5,steel_import_price
2012-11-01,177.4,steel_import_price
2012-12-01,179.1,steel_import_price
2013-01-01,179.1,steel_import_price
2013-02-01,177.6,steel_import_price
2013-03-01,176.9,steel_import_price
2013-04-01,177.6,steel_import_price
2013-05-01,174.9,steel_import_price
2013-06-01,175.1,steel_import_price
2013-07-01,175.6,steel_import_price
2013-08-01,175.3,steel_import_price
2013-09-01,174.3,steel_import_price
2013-10-01,176.6,steel_import_price
2013-11-01,178.9,steel_import_price
2013-12-01,180.0,steel_import_price
2014-01-01,181.4,steel_import_price
2014-02-01,182.1,steel_import_price
2014-03-01,180.6,steel_import_price
2014-04-01,182.1,steel_import_price
2014-05-01,183.3,steel_import_price
2014-06-01,183.7,steel_import_price
2014-07-01,184.6,steel_import_price
2014-08-01,185.2,steel_import_price
2014-09-01,185.4,steel_import_price
2014-10-01,184.5,steel_import_price
2014-11-01,183.1,steel_import_price
2014-12-01,180.9,steel_import_price
2015-01-01,178.0,steel_import_price
2015-02-01,173.0,steel_import_price
2015-03-01,169.1,steel_import_price
2015-04-01,163.7,steel_import_price
2015-05-01,160.2,steel_import_price
2015-06-01,159.7,steel_import_price
2015-07-01,159.0,steel_import_price
2015-08-01,157.4,steel_import_price
2015-09-01,155.1,steel_import_price
2015-10-01,151.6,steel_import_price
2015-11-01,146.0,steel_import_price
2015-12-01,142.1,steel_import_price
2016-01-01,139.7,steel_import_price
2016-02-01,138.6,steel_import_price
2016-03-01,138.7,steel_import_price
2016-04-01,142.7,steel_import_price
2016-05-01,148.1,steel_import_price
2016-06-01,151.6,steel_import_price
2016-07-01,154.6,steel_import_price
2016-08-01,157.6,steel_import_price
2016-09-01,156.0,steel_import_price
2016-10-01,154.0,steel_import_price
2016-11-01,153.5,steel_import_price
2016-12-01,155.4,steel_import_price
2017-01-01,159.6,steel_import_price
2017-02-01,163.4,steel_import_price
2017-03-01,166.1,steel_import_price
2017-04-01,167.3,steel_import_price
2017-05-01,170.3,steel_import_price
2017-06-01,171.5,steel_import_price
2017-07-01,175.2,steel_import_price
2017-08-01,168.6,steel_import_price
2017-09-01,171.0,steel_import_price
2017-10-01,169.3,steel_import_price
2017-11-01,167.3,steel_import_price
2017-12-01,168.3,steel_import_price
2018-01-01,169.3,steel_import_price
2018-02-01,174.6,steel_import_price
2018-03-01,177.7,steel_import_price
2018-04-01,182.0,steel_import_price
2018-05-01,188.9,steel_import_price
2018-06-01,192.9,steel_import_price
2018-07-01,196.5,steel_import_price
2018-08-01,200.4,steel_import_price
2018-09-01,203.5,steel_import_price
2018-10-01,202.2,steel_import_price
2018-11-01,205.2,steel_import_price
2018-12-01,203.9,steel_import_price
2019-01-01,201.7,steel_import_price
2019-02-01,195.3,steel_import_price
2019-03-01,195.7,steel_import_price
2019-04-01,191.8,steel_import_price
2019-05-01,189.3,steel_import_price
2019-06-01,184.6,steel_import_price
2019-07-01,178.8,steel_import_price
2019-08-01,175.5,steel_import_price
2019-09-01,174.2,steel_import_price
2019-10-01,171.9,steel_import_price
2019-11-01,167.0,steel_import_price
2019-12-01,163.7,steel_import_price
2020-01-01,163.6,steel_import_price
2020-02-01,163.9,steel_import_price
2020-03-01,165.4,steel_import_price
2020-04-01,164.6,steel_import_price
2020-05-01,160.6,steel_import_price
2020-06-01,159.9,steel_import_price
2020-07-01,158.9,steel_import_price
2020-08-01,156.3,steel_import_price
2020-09-01,155.7,steel_import_price
2020-10-01,158.2,steel_import_price
2020-11-01,161.7,steel_import_price
2020-12-01,171.6,steel_import_price
2021-01-01,181.5,steel_import_price
2021-02-01,200.8,steel_import_price
2021-03-01,232.5,steel_import_price
2021-04-01,271.8,steel_import_price
2021-05-01,281.7,steel_import_price
2021-06-01,299.8,steel_import_price
2021-07-01,327.783,steel_import_price
2021-08-01,345.66,steel_import_price
2021-09-01,362.257,steel_import_price
2021-10-01,376.255,steel_import_price
2021-11-01,385.805,steel_import_price
2021-12-01,386.667,steel_import_price
2022-01-01,388.598,steel_import_price
2022-02-01,354.113,steel_import_price
2022-03-01,334.586,steel_import_price
2022-04-01,346.061,steel_import_price
2022-05-01,381.294,steel_import_price
2022-06-01,377.009,steel_import_price
2022-07-01,363.31,steel_import_price
2022-08-01,341.139,steel_import_price
2022-09-01,317.913,steel_import_price
2022-10-01,300.622,steel_import_price
2022-11-01,290.515,steel_import_price
2022-12-01,281.351,steel_import_price
2023-01-01,273.672,steel_import_price
2023-02-01,284.45,steel_import_price
2023-03-01,287.373,steel_import_price
2023-04-01,292.847,steel_import_price
2023-05-01,310.869,steel_import_price
2023-06-01,312.092,steel_import_price
2023-07-01,295.292,steel_import_price
2023-08-01,289.812,steel_import_price
2023-09-01,278.443,steel_import_price
2023-10-01,270.063,steel_import_price
2023-11-01,261.341,steel_import_price
2023-12-01,262.503,steel_import_price
2024-01-01,279.275,steel_import_price
2024-02-01,292.398,steel_import_price
2024-03-01,267.013,steel_import_price
2024-04-01,259.689,steel_import_price
2024-05-01,262.449,steel_import_price
2024-06-01,258.511,steel_import_price
2024-07-01,250.669,steel_import_price
2024-08-01,244.033,steel_import_price
2024-09-01,239.142,steel_import_price
2024-10-01,238.862,steel_import_price
2024-11-01,243.857,steel_import_price
2024-12-01,232.0,steel_import_price
2025-01-01,226.145,steel_import_price
2025-02-01,234.033,steel_import_price
2025-03-01,249.217,steel_import_price
2025-04-01,263.361,steel_import_price
2025-05-01,289.435,steel_import_price
2025-06-01,269.581,steel_import_price
2025-07-01,265.706,steel_import_price
2025-08-01,270.968,steel_import_price
2025-09-01,267.299,steel_import_price
2025-10-01,263.849,steel_import_price
2025-11-01,252.464,steel_import_price
2025-12-01,272.784,steel_import_price
2026-01-01,274.519,steel_import_price
2026-02-01,283.745,steel_import_price
2000-01-01,130.8,manufacturing_ppi
2000-02-01,132.2,manufacturing_ppi
2000-03-01,132.9,manufacturing_ppi
2000-04-01,132.6,manufacturing_ppi
2000-05-01,133.1,manufacturing_ppi
2000-06-01,134.2,manufacturing_ppi
2000-07-01,133.9,manufacturing_ppi
2000-08-01,133.5,manufacturing_ppi
2000-09-01,134.7,manufacturing_ppi
2000-10-01,134.9,manufacturing_ppi
2000-11-01,134.9,manufacturing_ppi
2000-12-01,134.3,manufacturing_ppi
2001-01-01,134.8,manufacturing_ppi
2001-02-01,134.8,manufacturing_ppi
2001-03-01,134.5,manufacturing_ppi
2001-04-01,135.6,manufacturing_ppi
2001-05-01,136.5,manufacturing_ppi
2001-06-01,135.8,manufacturing_ppi
2001-07-01,134.4,manufacturing_ppi
2001-08-01,134.6,manufacturing_ppi
2001-09-01,135.6,manufacturing_ppi
2001-10-01,133.7,manufacturing_ppi
2001-11-01,132.7,manufacturing_ppi
2001-12-01,131.6,manufacturing_ppi
2002-01-01,131.7,manufacturing_ppi
2002-02-01,132.0,manufacturing_ppi
2002-03-01,132.8,manufacturing_ppi
2002-04-01,133.8,manufacturing_ppi
2002-05-01,133.5,manufacturing_ppi
2002-06-01,133.6,manufacturing_ppi
2002-07-01,133.6,manufacturing_ppi
2002-08-01,133.7,manufacturing_ppi
2002-09-01,135.0,manufacturing_ppi
2002-10-01,135.6,manufacturing_ppi
2002-11-01,134.6,manufacturing_ppi
2002-12-01,134.0,manufacturing_ppi
2003-01-01,135.7,manufacturing_ppi
2003-02-01,137.6,manufacturing_ppi
2003-03-01,138.7,manufacturing_ppi
2003-04-01,136.3,manufacturing_ppi
2003-05-01,135.8,manufacturing_ppi
2003-06-01,136.3,manufacturing_ppi
2003-07-01,136.4,manufacturing_ppi
2003-08-01,137.0,manufacturing_ppi
2003-09-01,137.1,manufacturing_ppi
2003-10-01,138.2,manufacturing_ppi
2003-11-01,137.7,manufacturing_ppi
2003-12-01,137.7,manufacturing_ppi
2004-01-01,138.9,manufacturing_ppi
2004-02-01,139.3,manufacturing_ppi
2004-03-01,140.3,manufacturing_ppi
2004-04-01,141.8,manufacturing_ppi
2004-05-01,143.3,manufacturing_ppi
2004-06-01,142.9,manufacturing_ppi
2004-07-01,143.2,manufacturing_ppi
2004-08-01,143.7,manufacturing_ppi
2004-09-01,144.2,manufacturing_ppi
2004-10-01,146.5,manufacturing_ppi
2004-11-01,146.1,manufacturing_ppi
2004-12-01,145.0,manufacturing_ppi
2005-01-01,146.2,manufacturing_ppi
2005-02-01,147.0,manufacturing_ppi
2005-03-01,148.9,manufacturing_ppi
2005-04-01,149.6,manufacturing_ppi
2005-05-01,149.4,manufacturing_ppi
2005-06-01,149.6,manufacturing_ppi
2005-07-01,151.0,manufacturing_ppi
2005-08-01,151.8,manufacturing_ppi
2005-09-01,154.2,manufacturing_ppi
2005-10-01,156.6,manufacturing_ppi
2005-11-01,152.7,manufacturing_ppi
2005-12-01,152.8,manufacturing_ppi
2006-01-01,154.1,manufacturing_ppi
2006-02-01,153.5,manufacturing_ppi
2006-03-01,155.0,manufacturing_ppi
2006-04-01,157.2,manufacturing_ppi
2006-05-01,158.5,manufacturing_ppi
2006-06-01,159.5,manufacturing_ppi
2006-07-01,159.4,manufacturing_ppi
2006-08-01,159.8,manufacturing_ppi
2006-09-01,156.8,manufacturing_ppi
2006-10-01,155.9,manufacturing_ppi
2006-11-01,156.4,manufacturing_ppi
2006-12-01,156.9,manufacturing_ppi
2007-01-01,156.4,manufacturing_ppi
2007-02-01,157.7,manufacturing_ppi
2007-03-01,160.1,manufacturing_ppi
2007-04-01,162.2,manufacturing_ppi
2007-05-01,163.8,manufacturing_ppi
2007-06-01,163.7,manufacturing_ppi
2007-07-01,164.9,manufacturing_ppi
2007-08-01,163.0,manufacturing_ppi
2007-09-01,163.7,manufacturing_ppi
2007-10-01,164.5,manufacturing_ppi
2007-11-01,168.0,manufacturing_ppi
2007-12-01,166.9,manufacturing_ppi
2008-01-01,168.5,manufacturing_ppi
2008-02-01,169.6,manufacturing_ppi
2008-03-01,173.4,manufacturing_ppi
2008-04-01,175.3,manufacturing_ppi
2008-05-01,179.4,manufacturing_ppi
2008-06-01,182.0,manufacturing_ppi
2008-07-01,185.6,manufacturing_ppi
2008-08-01,182.6,manufacturing_ppi
2008-09-01,182.9,manufacturing_ppi
2008-10-01,176.8,manufacturing_ppi
2008-11-01,169.4,manufacturing_ppi
2008-12-01,164.1,manufacturing_ppi
2009-01-01,164.7,manufacturing_ppi
2009-02-01,163.9,manufacturing_ppi
2009-03-01,162.9,manufacturing_ppi
2009-04-01,164.2,manufacturing_ppi
2009-05-01,165.8,manufacturing_ppi
2009-06-01,168.4,manufacturing_ppi
2009-07-01,167.1,manufacturing_ppi
2009-08-01,169.4,manufacturing_ppi
2009-09-01,168.6,manufacturing_ppi
2009-10-01,168.9,manufacturing_ppi
2009-11-01,170.7,manufacturing_ppi
2009-12-01,170.8,manufacturing_ppi
2010-01-01,173.1,manufacturing_ppi
2010-02-01,172.2,manufacturing_ppi
2010-03-01,173.9,manufacturing_ppi
2010-04-01,175.2,manufacturing_ppi
2010-05-01,176.1,manufacturing_ppi
2010-06-01,174.8,manufacturing_ppi
2010-07-01,174.7,manufacturing_ppi
2010-08-01,175.3,manufacturing_ppi
2010-09-01,175.5,manufacturing_ppi
2010-10-01,177.3,manufacturing_ppi
2010-11-01,178.2,manufacturing_ppi
2010-12-01,179.1,manufacturing_ppi
2011-01-01,181.1,manufacturing_ppi
2011-02-01,183.3,manufacturing_ppi
2011-03-01,187.3,manufacturing_ppi
2011-04-01,190.2,manufacturing_ppi
2011-05-01,191.9,manufacturing_ppi
2011-06-01,191.1,manufacturing_ppi
2011-07-01,191.7,manufacturing_ppi
2011-08-01,190.7,manufacturing_ppi
2011-09-01,191.5,manufacturing_ppi
2011-10-01,190.2,manufacturing_ppi
2011-11-01,190.6,manufacturing_ppi
2011-12-01,189.6,manufacturing_ppi
2012-01-01,191.1,manufacturing_ppi
2012-02-01,192.1,manufacturing_ppi
2012-03-01,194.3,manufacturing_ppi
2012-04-01,194.7,manufacturing_ppi
2012-05-01,193.6,manufacturing_ppi
2012-06-01,191.7,manufacturing_ppi
2012-07-01,191.2,manufacturing_ppi
2012-08-01,193.5,manufacturing_ppi
2012-09-01,195.4,manufacturing_ppi
2012-10-01,195.1,manufacturing_ppi
2012-11-01,192.6,manufacturing_ppi
2012-12-01,191.8,manufacturing_ppi
2013-01-01,192.6,manufacturing_ppi
2013-02-01,195.2,manufacturing_ppi
2013-03-01,194.5,manufacturing_ppi
2013-04-01,194.0,manufacturing_ppi
2013-05-01,194.0,manufacturing_ppi
2013-06-01,193.9,manufacturing_ppi
2013-07-01,194.0,manufacturing_ppi
2013-08-01,194.6,manufacturing_ppi
2013-09-01,194.3,manufacturing_ppi
2013-10-01,193.7,manufacturing_ppi
2013-11-01,192.7,manufacturing_ppi
2013-12-01,193.2,manufacturing_ppi
2014-01-01,194.2,manufacturing_ppi
2014-02-01,195.2,manufacturing_ppi
2014-03-01,196.2,manufacturing_ppi
2014-04-01,197.5,manufacturing_ppi
2014-05-01,197.2,manufacturing_ppi
2014-06-01,197.2,manufacturing_ppi
2014-07-01,197.4,manufacturing_ppi
2014-08-01,197.4,manufacturing_ppi
2014-09-01,196.8,manufacturing_ppi
2014-10-01,194.8,manufacturing_ppi
2014-11-01,192.7,manufacturing_ppi
2014-12-01,189.1,manufacturing_ppi
2015-01-01,185.0,manufacturing_ppi
2015-02-01,185.4,manufacturing_ppi
2015-03-01,186.2,manufacturing_ppi
2015-04-01,185.7,manufacturing_ppi
2015-05-01,188.2,manufacturing_ppi
2015-06-01,188.9,manufacturing_ppi
2015-07-01,188.5,manufacturing_ppi
2015-08-01,187.0,manufacturing_ppi
2015-09-01,184.3,manufacturing_ppi
2015-10-01,183.7,manufacturing_ppi
2015-11-01,182.9,manufacturing_ppi
2015-12-01,180.8,manufacturing_ppi
2016-01-01,179.7,manufacturing_ppi
2016-02-01,178.7,manufacturing_ppi
2016-03-01,179.3,manufacturing_ppi
2016-04-01,180.5,manufacturing_ppi
2016-05-01,181.9,manufacturing_ppi
2016-06-01,183.6,manufacturing_ppi
2016-07-01,183.4,manufacturing_ppi
2016-08-01,182.5,manufacturing_ppi
2016-09-01,183.0,manufacturing_ppi
2016-10-01,183.7,manufacturing_ppi
2016-11-01,183.2,manufacturing_ppi
2016-12-01,183.9,manufacturing_ppi
2017-01-01,185.6,manufacturing_ppi
2017-02-01,186.2,manufacturing_ppi
2017-03-01,186.7,manufacturing_ppi
2017-04-01,187.6,manufacturing_ppi
2017-05-01,187.3,manufacturing_ppi
2017-06-01,187.6,manufacturing_ppi
2017-07-01,187.3,manufacturing_ppi
2017-08-01,188.4,manufacturing_ppi
2017-09-01,189.6,manufacturing_ppi
2017-10-01,190.2,manufacturing_ppi
2017-11-01,191.2,manufacturing_ppi
2017-12-01,191.3,manufacturing_ppi
2018-01-01,192.6,manufacturing_ppi
2018-02-01,193.5,manufacturing_ppi
2018-03-01,194.0,manufacturing_ppi
2018-04-01,195.3,manufacturing_ppi
2018-05-01,197.7,manufacturing_ppi
2018-06-01,198.4,manufacturing_ppi
2018-07-01,198.5,manufacturing_ppi
2018-08-01,198.6,manufacturing_ppi
2018-09-01,198.9,manufacturing_ppi
2018-10-01,200.4,manufacturing_ppi
2018-11-01,198.4,manufacturing_ppi
2018-12-01,195.2,manufacturing_ppi
2019-01-01,194.3,manufacturing_ppi
2019-02-01,195.4,manufacturing_ppi
2019-03-01,197.4,manufacturing_ppi
2019-04-01,199.2,manufacturing_ppi
2019-05-01,199.1,manufacturing_ppi
2019-06-01,197.0,manufacturing_ppi
2019-07-01,197.5,manufacturing_ppi
2019-08-01,196.4,manufacturing_ppi
2019-09-01,195.9,manufacturing_ppi
2019-10-01,196.6,manufacturing_ppi
2019-11-01,196.5,manufacturing_ppi
2019-12-01,196.4,manufacturing_ppi
2020-01-01,196.6,manufacturing_ppi
2020-02-01,195.1,manufacturing_ppi
2020-03-01,192.3,manufacturing_ppi
2020-04-01,186.1,manufacturing_ppi
2020-05-01,188.9,manufacturing_ppi
2020-06-01,190.2,manufacturing_ppi
2020-07-01,192.3,manufacturing_ppi
2020-08-01,193.0,manufacturing_ppi
2020-09-01,192.9,manufacturing_ppi
2020-10-01,193.7,manufacturing_ppi
2020-11-01,194.5,manufacturing_ppi
2020-12-01,196.7,manufacturing_ppi
2021-01-01,199.6,manufacturing_ppi
2021-02-01,203.1,manufacturing_ppi
2021-03-01,207.9,manufacturing_ppi
2021-04-01,210.1,manufacturing_ppi
2021-05-01,215.1,manufacturing_ppi
2021-06-01,217.9,manufacturing_ppi
2021-07-01,219.492,manufacturing_ppi
2021-08-01,220.114,manufacturing_ppi
2021-09-01,221.869,manufacturing_ppi
2021-10-01,225.478,manufacturing_ppi
2021-11-01,227.109,manufacturing_ppi
2021-12-01,226.47,manufacturing_ppi
2022-01-01,231.495,manufacturing_ppi
2022-02-01,237.245,manufacturing_ppi
2022-03-01,245.404,manufacturing_ppi
2022-04-01,249.56,manufacturing_ppi
2022-05-01,256.396,manufacturing_ppi
2022-06-01,262.418,manufacturing_ppi
2022-07-01,256.526,manufacturing_ppi
2022-08-01,251.494,manufacturing_ppi
2022-09-01,251.891,manufacturing_ppi
2022-10-01,254.03,manufacturing_ppi
2022-11-01,252.905,manufacturing_ppi
2022-12-01,245.115,manufacturing_ppi
2023-01-01,249.178,manufacturing_ppi
2023-02-01,249.308,manufacturing_ppi
2023-03-01,248.98,manufacturing_ppi
2023-04-01,248.583,manufacturing_ppi
2023-05-01,246.206,manufacturing_ppi
2023-06-01,245.784,manufacturing_ppi
2023-07-01,245.434,manufacturing_ppi
2023-08-01,251.093,manufacturing_ppi
2023-09-01,252.368,manufacturing_ppi
2023-10-01,249.119,manufacturing_ppi
2023-11-01,246.497,manufacturing_ppi
2023-12-01,243.266,manufacturing_ppi
2024-01-01,244.056,manufacturing_ppi
2024-02-01,248.295,manufacturing_ppi
2024-03-01,249.516,manufacturing_ppi
2024-04-01,251.376,manufacturing_ppi
2024-05-01,248.763,manufacturing_ppi
2024-06-01,247.72,manufacturing_ppi
2024-07-01,249.847,manufacturing_ppi
2024-08-01,249.168,manufacturing_ppi
2024-09-01,246.339,manufacturing_ppi
2024-10-01,247.216,manufacturing_ppi
2024-11-01,246.636,manufacturing_ppi
2024-12-01,246.083,manufacturing_ppi
2025-01-01,248.662,manufacturing_ppi
2025-02-01,250.31,manufacturing_ppi
2025-03-01,249.728,manufacturing_ppi
2025-04-01,250.465,manufacturing_ppi
2025-05-01,251.354,manufacturing_ppi
2025-06-01,252.015,manufacturing_ppi
2025-07-01,253.645,manufacturing_ppi
2025-08-01,253.694,manufacturing_ppi
2025-09-01,254.624,manufacturing_ppi
2025-10-01,253.308,manufacturing_ppi
2025-11-01,254.526,manufacturing_ppi
2025-12-01,251.906,manufacturing_ppi
2026-01-01,253.407,manufacturing_ppi
2026-02-01,257.34,manufacturing_ppi
2000-01-01,-27131.0,trade_balance
2000-02-01,-29794.0,trade_balance
2000-03-01,-30557.0,trade_balance
2000-04-01,-28598.0,trade_balance
2000-05-01,-29165.0,trade_balance
2000-06-01,-30405.0,trade_balance
2000-07-01,-31252.0,trade_balance
2000-08-01,-29931.0,trade_balance
2000-09-01,-33333.0,trade_balance
2000-10-01,-33378.0,trade_balance
2000-11-01,-32723.0,trade_balance
2000-12-01,-33420.0,trade_balance
2001-01-01,-35202.0,trade_balance
2001-02-01,-29301.0,trade_balance
2001-03-01,-32812.0,trade_balance
2001-04-01,-30521.0,trade_balance
2001-05-01,-27095.0,trade_balance
2001-06-01,-29151.0,trade_balance
2001-07-01,-29902.0,trade_balance
2001-08-01,-28094.0,trade_balance
2001-09-01,-30217.0,trade_balance
2001-10-01,-30588.0,trade_balance
2001-11-01,-30003.0,trade_balance
2001-12-01,-27488.0,trade_balance
2002-01-01,-29678.0,trade_balance
2002-02-01,-32501.0,trade_balance
2002-03-01,-31161.0,trade_balance
2002-04-01,-33965.0,trade_balance
2002-05-01,-34026.0,trade_balance
2002-06-01,-34732.0,trade_balance
2002-07-01,-33913.0,trade_balance
2002-08-01,-36385.0,trade_balance
2002-09-01,-36088.0,trade_balance
2002-10-01,-35095.0,trade_balance
2002-11-01,-39515.0,trade_balance
2002-12-01,-43607.0,trade_balance
2003-01-01,-41156.0,trade_balance
2003-02-01,-40082.0,trade_balance
2003-03-01,-43806.0,trade_balance
2003-04-01,-42037.0,trade_balance
2003-05-01,-41045.0,trade_balance
2003-06-01,-39696.0,trade_balance
2003-07-01,-41321.0,trade_balance
2003-08-01,-39892.0,trade_balance
2003-09-01,-41842.0,trade_balance
2003-10-01,-41388.0,trade_balance
2003-11-01,-39898.0,trade_balance
2003-12-01,-44080.0,trade_balance
2004-01-01,-44645.0,trade_balance
2004-02-01,-44552.0,trade_balance
2004-03-01,-46754.0,trade_balance
2004-04-01,-47283.0,trade_balance
2004-05-01,-47553.0,trade_balance
2004-06-01,-54169.0,trade_balance
2004-07-01,-51606.0,trade_balance
2004-08-01,-53647.0,trade_balance
2004-09-01,-51686.0,trade_balance
2004-10-01,-55058.0,trade_balance
2004-11-01,-58967.0,trade_balance
2004-12-01,-54918.0,trade_balance
2005-01-01,-56189.0,trade_balance
2005-02-01,-58094.0,trade_balance
2005-03-01,-53134.0,trade_balance
2005-04-01,-57312.0,trade_balance
2005-05-01,-56040.0,trade_balance
2005-06-01,-58152.0,trade_balance
2005-07-01,-58301.0,trade_balance
2005-08-01,-58745.0,trade_balance
2005-09-01,-64882.0,trade_balance
2005-10-01,-67265.0,trade_balance
2005-11-01,-63859.0,trade_balance
2005-12-01,-64568.0,trade_balance
2006-01-01,-66967.0,trade_balance
2006-02-01,-62308.0,trade_balance
2006-03-01,-62397.0,trade_balance
2006-04-01,-62603.0,trade_balance
2006-05-01,-64818.0,trade_balance
2006-06-01,-63800.0,trade_balance
2006-07-01,-66909.0,trade_balance
2006-08-01,-68277.0,trade_balance
2006-09-01,-65095.0,trade_balance
2006-10-01,-59538.0,trade_balance
2006-11-01,-58939.0,trade_balance
2006-12-01,-61882.0,trade_balance
2007-01-01,-58014.0,trade_balance
2007-02-01,-58479.0,trade_balance
2007-03-01,-62183.0,trade_balance
2007-04-01,-60494.0,trade_balance
2007-05-01,-59572.0,trade_balance
2007-06-01,-59997.0,trade_balance
2007-07-01,-60246.0,trade_balance
2007-08-01,-57214.0,trade_balance
2007-09-01,-58158.0,trade_balance
2007-10-01,-57666.0,trade_balance
2007-11-01,-60682.0,trade_balance
2007-12-01,-58290.0,trade_balance
2008-01-01,-61339.0,trade_balance
2008-02-01,-64225.0,trade_balance
2008-03-01,-60200.0,trade_balance
2008-04-01,-63733.0,trade_balance
2008-05-01,-62310.0,trade_balance
2008-06-01,-60889.0,trade_balance
2008-07-01,-66989.0,trade_balance
2008-08-01,-62394.0,trade_balance
2008-09-01,-60292.0,trade_balance
2008-10-01,-60879.0,trade_balance
2008-11-01,-45132.0,trade_balance
2008-12-01,-43967.0,trade_balance
2009-01-01,-39343.0,trade_balance
2009-02-01,-28778.0,trade_balance
2009-03-01,-30193.0,trade_balance
2009-04-01,-30473.0,trade_balance
2009-05-01,-25839.0,trade_balance
2009-06-01,-27152.0,trade_balance
2009-07-01,-33307.0,trade_balance
2009-08-01,-31674.0,trade_balance
2009-09-01,-35247.0,trade_balance
2009-10-01,-34959.0,trade_balance
2009-11-01,-38381.0,trade_balance
2009-12-01,-39426.0,trade_balance
2010-01-01,-37744.0,trade_balance
2010-02-01,-41504.0,trade_balance
2010-03-01,-40271.0,trade_balance
2010-04-01,-41496.0,trade_balance
2010-05-01,-42088.0,trade_balance
2010-06-01,-47316.0,trade_balance
2010-07-01,-41609.0,trade_balance
2010-08-01,-45619.0,trade_balance
2010-09-01,-44333.0,trade_balance
2010-10-01,-40646.0,trade_balance
2010-11-01,-38739.0,trade_balance
2010-12-01,-41721.0,trade_balance
2011-01-01,-48123.0,trade_balance
2011-02-01,-44753.0,trade_balance
2011-03-01,-44312.0,trade_balance
2011-04-01,-42685.0,trade_balance
2011-05-01,-47725.0,trade_balance
2011-06-01,-49882.0,trade_balance
2011-07-01,-46070.0,trade_balance
2011-08-01,-45052.0,trade_balance
2011-09-01,-43477.0,trade_balance
2011-10-01,-45509.0,trade_balance
2011-11-01,-47460.0,trade_balance
2011-12-01,-49473.0,trade_balance
2012-01-01,-50126.0,trade_balance
2012-02-01,-42780.0,trade_balance
2012-03-01,-49749.0,trade_balance
2012-04-01,-46842.0,trade_balance
2012-05-01,-45106.0,trade_balance
2012-06-01,-42941.0,trade_balance
2012-07-01,-42406.0,trade_balance
2012-08-01,-44030.0,trade_balance
2012-09-01,-38794.0,trade_balance
2012-10-01,-41467.0,trade_balance
2012-11-01,-45332.0,trade_balance
2012-12-01,-36334.0,trade_balance
2013-01-01,-40135.0,trade_balance
2013-02-01,-41004.0,trade_balance
2013-03-01,-34314.0,trade_balance
2013-04-01,-38487.0,trade_balance
2013-05-01,-41701.0,trade_balance
2013-06-01,-34426.0,trade_balance
2013-07-01,-36356.0,trade_balance
2013-08-01,-36617.0,trade_balance
2013-09-01,-39917.0,trade_balance
2013-10-01,-36285.0,trade_balance
2013-11-01,-33983.0,trade_balance
2013-12-01,-33636.0,trade_balance
2014-01-01,-37433.0,trade_balance
2014-02-01,-40119.0,trade_balance
2014-03-01,-42940.0,trade_balance
2014-04-01,-43735.0,trade_balance
2014-05-01,-39575.0,trade_balance
2014-06-01,-38895.0,trade_balance
2014-07-01,-38935.0,trade_balance
2014-08-01,-36935.0,trade_balance
2014-09-01,-41672.0,trade_balance
2014-10-01,-41067.0,trade_balance
2014-11-01,-39808.0,trade_balance
2014-12-01,-42838.0,trade_balance
2015-01-01,-38865.0,trade_balance
2015-02-01,-33903.0,trade_balance
2015-03-01,-48732.0,trade_balance
2015-04-01,-39836.0,trade_balance
2015-05-01,-38502.0,trade_balance
2015-06-01,-42425.0,trade_balance
2015-07-01,-40340.0,trade_balance
2015-08-01,-44205.0,trade_balance
2015-09-01,-41641.0,trade_balance
2015-10-01,-40873.0,trade_balance
2015-11-01,-40451.0,trade_balance
2015-12-01,-41003.0,trade_balance
2016-01-01,-40044.0,trade_balance
2016-02-01,-43306.0,trade_balance
2016-03-01,-36801.0,trade_balance
2016-04-01,-38048.0,trade_balance
2016-05-01,-39032.0,trade_balance
2016-06-01,-41719.0,trade_balance
2016-07-01,-39931.0,trade_balance
2016-08-01,-40146.0,trade_balance
2016-09-01,-37004.0,trade_balance
2016-10-01,-38555.0,trade_balance
2016-11-01,-43896.0,trade_balance
2016-12-01,-40976.0,trade_balance
2017-01-01,-43556.0,trade_balance
2017-02-01,-39785.0,trade_balance
2017-03-01,-41124.0,trade_balance
2017-04-01,-44227.0,trade_balance
2017-05-01,-43985.0,trade_balance
2017-06-01,-42579.0,trade_balance
2017-07-01,-43854.0,trade_balance
2017-08-01,-41391.0,trade_balance
2017-09-01,-41593.0,trade_balance
2017-10-01,-42848.0,trade_balance
2017-11-01,-45463.0,trade_balance
2017-12-01,-46535.0,trade_balance
2018-01-01,-46993.0,trade_balance
2018-02-01,-48714.0,trade_balance
2018-03-01,-43514.0,trade_balance
2018-04-01,-46306.0,trade_balance
2018-05-01,-41635.0,trade_balance
2018-06-01,-44928.0,trade_balance
2018-07-01,-49560.0,trade_balance
2018-08-01,-49301.0,trade_balance
2018-09-01,-50245.0,trade_balance
2018-10-01,-52160.0,trade_balance
2018-11-01,-49143.0,trade_balance
2018-12-01,-54997.0,trade_balance
2019-01-01,-48785.0,trade_balance
2019-02-01,-47570.0,trade_balance
2019-03-01,-48154.0,trade_balance
2019-04-01,-49769.0,trade_balance
2019-05-01,-51047.0,trade_balance
2019-06-01,-48703.0,trade_balance
2019-07-01,-48436.0,trade_balance
2019-08-01,-48676.0,trade_balance
2019-09-01,-44400.0,trade_balance
2019-10-01,-41305.0,trade_balance
2019-11-01,-38786.0,trade_balance
2019-12-01,-43639.0,trade_balance
2020-01-01,-43562.0,trade_balance
2020-02-01,-39931.0,trade_balance
2020-03-01,-42374.0,trade_balance
2020-04-01,-51888.0,trade_balance
2020-05-01,-53995.0,trade_balance
2020-06-01,-49161.0,trade_balance
2020-07-01,-58882.0,trade_balance
2020-08-01,-61843.0,trade_balance
2020-09-01,-57002.0,trade_balance
2020-10-01,-61126.0,trade_balance
2020-11-01,-64349.0,trade_balance
2020-12-01,-61928.0,trade_balance
2021-01-01,-62826.0,trade_balance
2021-02-01,-65630.0,trade_balance
2021-03-01,-65658.0,trade_balance
2021-04-01,-65115.0,trade_balance
2021-05-01,-65779.0,trade_balance
2021-06-01,-71187.0,trade_balance
2021-07-01,-69169.0,trade_balance
2021-08-01,-72588.0,trade_balance
2021-09-01,-74657.0,trade_balance
2021-10-01,-66003.0,trade_balance
2021-11-01,-79425.0,trade_balance
2021-12-01,-79238.0,trade_balance
2022-01-01,-83599.0,trade_balance
2022-02-01,-84685.0,trade_balance
2022-03-01,-99398.0,trade_balance
2022-04-01,-82878.0,trade_balance
2022-05-01,-82157.0,trade_balance
2022-06-01,-79785.0,trade_balance
2022-07-01,-68396.0,trade_balance
2022-08-01,-66959.0,trade_balance
2022-09-01,-67781.0,trade_balance
2022-10-01,-74773.0,trade_balance
2022-11-01,-62798.0,trade_balance
2022-12-01,-70521.0,trade_balance
2023-01-01,-68800.0,trade_balance
2023-02-01,-69202.0,trade_balance
2023-03-01,-58587.0,trade_balance
2023-04-01,-71110.0,trade_balance
2023-05-01,-65814.0,trade_balance
2023-06-01,-65163.0,trade_balance
2023-07-01,-63759.0,trade_balance
2023-08-01,-59165.0,trade_balance
2023-09-01,-59565.0,trade_balance
2023-10-01,-64100.0,trade_balance
2023-11-01,-65053.0,trade_balance
2023-12-01,-63888.0,trade_balance
2024-01-01,-67077.0,trade_balance
2024-02-01,-66431.0,trade_balance
2024-03-01,-66266.0,trade_balance
2024-04-01,-73110.0,trade_balance
2024-05-01,-74456.0,trade_balance
2024-06-01,-73892.0,trade_balance
2024-07-01,-78639.0,trade_balance
2024-08-01,-71214.0,trade_balance
2024-09-01,-81498.0,trade_balance
2024-10-01,-74250.0,trade_balance
2024-11-01,-79752.0,trade_balance
2024-12-01,-96948.0,trade_balance
2025-01-01,-128331.0,trade_balance
2025-02-01,-119780.0,trade_balance
2025-03-01,-135856.0,trade_balance
2025-04-01,-60084.0,trade_balance
2025-05-01,-70564.0,trade_balance
2025-06-01,-57637.0,trade_balance
2025-07-01,-74233.0,trade_balance
2025-08-01,-56011.0,trade_balance
2025-09-01,-49168.0,trade_balance
2025-10-01,-31102.0,trade_balance
2025-11-01,-56026.0,trade_balance
2025-12-01,-72900.0,trade_balance
2026-01-01,-54455.0,trade_balance
2000-01-01,6902.1,china_imports
2000-02-01,6584.4,china_imports
2000-03-01,6424.1,china_imports
2000-04-01,7070.5,china_imports
2000-05-01,7850.2,china_imports
2000-06-01,8541.7,china_imports
2000-07-01,9246.4,china_imports
2000-08-01,10054.0,china_imports
2000-09-01,10061.7,china_imports
2000-10-01,10611.6,china_imports
2000-11-01,9066.8,china_imports
2000-12-01,7604.7,china_imports
2001-01-01,8427.5,china_imports
2001-02-01,6375.6,china_imports
2001-03-01,7590.2,china_imports
2001-04-01,7686.8,china_imports
2001-05-01,7757.9,china_imports
2001-06-01,8398.2,china_imports
2001-07-01,8975.3,china_imports
2001-08-01,10042.9,china_imports
2001-09-01,9927.8,china_imports
2001-10-01,10808.3,china_imports
2001-11-01,8878.8,china_imports
2001-12-01,7409.1,china_imports
2002-01-01,8415.4,china_imports
2002-02-01,8020.8,china_imports
2002-03-01,7259.0,china_imports
2002-04-01,9097.6,china_imports
2002-05-01,9846.9,china_imports
2002-06-01,10727.2,china_imports
2002-07-01,11213.2,china_imports
2002-08-01,12671.4,china_imports
2002-09-01,12291.5,china_imports
2002-10-01,11455.0,china_imports
2002-11-01,12569.6,china_imports
2002-12-01,11625.0,china_imports
2003-01-01,11403.497575,china_imports
2003-02-01,9629.62711,china_imports
2003-03-01,10110.044562,china_imports
2003-04-01,11521.852382,china_imports
2003-05-01,11884.701493,china_imports
2003-06-01,12127.301429,china_imports
2003-07-01,13438.63509,china_imports
2003-08-01,13764.867008,china_imports
2003-09-01,14747.525418,china_imports
2003-10-01,16458.317607,china_imports
2003-11-01,14156.947961,china_imports
2003-12-01,13192.779263,china_imports
2004-01-01,14089.015496,china_imports
2004-02-01,11267.147675,china_imports
2004-03-01,13800.119971,china_imports
2004-04-01,14744.78415,china_imports
2004-05-01,15067.110923,china_imports
2004-06-01,16887.762591,china_imports
2004-07-01,17562.099879,china_imports
2004-08-01,18067.867052,china_imports
2004-09-01,18386.945745,china_imports
2004-10-01,19718.157481,china_imports
2004-11-01,19678.992143,china_imports
2004-12-01,17412.030829,china_imports
2005-01-01,17885.84061,china_imports
2005-02-01,16937.594812,china_imports
2005-03-01,16184.944952,china_imports
2005-04-01,18148.45816,china_imports
2005-05-01,19053.18688,china_imports
2005-06-01,20976.701857,china_imports
2005-07-01,21272.66946,china_imports
2005-08-01,22421.292348,china_imports
2005-09-01,23294.481679,china_imports
2005-10-01,24382.852726,china_imports
2005-11-01,22426.128316,china_imports
2005-12-01,20485.952995,china_imports
2006-01-01,21382.505907,china_imports
2006-02-01,17905.353467,china_imports
2006-03-01,20531.25833,china_imports
2006-04-01,21459.069933,china_imports
2006-05-01,22317.635131,china_imports
2006-06-01,23989.699396,china_imports
2006-07-01,24632.010765,china_imports
2006-08-01,26713.335235,china_imports
2006-09-01,27570.617915,china_imports
2006-10-01,29388.601739,china_imports
2006-11-01,27775.079221,china_imports
2006-12-01,24109.185573,china_imports
2007-01-01,25640.562672,china_imports
2007-02-01,23038.880362,china_imports
2007-03-01,22723.044235,china_imports
2007-04-01,24241.522773,china_imports
2007-05-01,25290.574442,china_imports
2007-06-01,27070.961198,china_imports
2007-07-01,28601.170814,china_imports
2007-08-01,28424.501435,china_imports
2007-09-01,29418.96253,china_imports
2007-10-01,31555.406402,china_imports
2007-11-01,29780.718791,china_imports
2007-12-01,25656.56128,china_imports
2008-01-01,26193.032145,china_imports
2008-02-01,24095.886455,china_imports
2008-03-01,22440.24177,china_imports
2008-04-01,25951.666996,china_imports
2008-05-01,27634.532443,china_imports
2008-06-01,27930.640534,china_imports
2008-07-01,31247.270669,china_imports
2008-08-01,31823.697889,china_imports
2008-09-01,33078.730631,china_imports
2008-10-01,34032.388283,china_imports
2008-11-01,28265.02503,china_imports
2008-12-01,25079.514978,china_imports
2009-01-01,24743.457402,china_imports
2009-02-01,18845.49521,china_imports
2009-03-01,21224.713513,china_imports
2009-04-01,21920.595248,china_imports
2009-05-01,22734.147846,china_imports
2009-06-01,23972.774237,china_imports
2009-07-01,25671.084409,china_imports
2009-08-01,25798.119656,china_imports
2009-09-01,27893.916592,china_imports
2009-10-01,29557.782865,china_imports
2009-11-01,27541.720775,china_imports
2009-12-01,26470.075735,china_imports
2010-01-01,25215.919006,china_imports
2010-02-01,23342.777514,china_imports
2010-03-01,24292.213197,china_imports
2010-04-01,25920.188141,china_imports
2010-05-01,29052.438345,china_imports
2010-06-01,32843.100035,china_imports
2010-07-01,33266.833594,china_imports
2010-08-01,35375.288431,china_imports
2010-09-01,35196.698854,china_imports
2010-10-01,35083.299437,china_imports
2010-11-01,34564.293893,china_imports
2010-12-01,30799.583148,china_imports
2011-01-01,31377.353746,china_imports
2011-02-01,27244.735813,china_imports
2011-03-01,27599.666857,china_imports
2011-04-01,29580.282706,china_imports
2011-05-01,32788.071613,china_imports
2011-06-01,34374.830793,china_imports
2011-07-01,35152.243254,china_imports
2011-08-01,37374.136523,china_imports
2011-09-01,36418.64286,china_imports
2011-10-01,37824.071703,china_imports
2011-11-01,36764.911636,china_imports
2011-12-01,32872.285127,china_imports
2012-01-01,34417.54042,china_imports
2012-02-01,28105.186419,china_imports
2012-03-01,31431.348931,china_imports
2012-04-01,33016.253834,china_imports
2012-05-01,34937.829923,china_imports
2012-06-01,35949.359451,china_imports
2012-07-01,37930.755206,china_imports
2012-08-01,37280.629144,china_imports
2012-09-01,37891.823059,china_imports
2012-10-01,40257.083524,china_imports
2012-11-01,39543.693182,china_imports
2012-12-01,34857.579544,china_imports
2013-01-01,37193.658803,china_imports
2013-02-01,32742.677585,china_imports
2013-03-01,27294.067203,china_imports
2013-04-01,33131.926306,china_imports
2013-05-01,36617.62364,china_imports
2013-06-01,35885.978832,china_imports
2013-07-01,38800.430628,china_imports
2013-08-01,39161.299515,china_imports
2013-09-01,40144.392508,china_imports
2013-10-01,41845.472131,china_imports
2013-11-01,40112.279565,china_imports
2013-12-01,37500.212876,china_imports
2014-01-01,38377.19956,china_imports
2014-02-01,30700.352329,china_imports
2014-03-01,31420.875281,china_imports
2014-04-01,36450.218795,china_imports
2014-05-01,38188.13577,china_imports
2014-06-01,39607.118661,china_imports
2014-07-01,40319.618346,china_imports
2014-08-01,40093.817085,china_imports
2014-09-01,45102.77541,china_imports
2014-10-01,45335.351722,china_imports
2014-11-01,42483.529438,china_imports
2014-12-01,40395.902459,china_imports
2015-01-01,38589.696731,china_imports
2015-02-01,31563.988155,china_imports
2015-03-01,41136.91753,china_imports
2015-04-01,36121.394467,china_imports
2015-05-01,39082.029905,china_imports
2015-06-01,41453.839795,china_imports
2015-07-01,41215.078176,china_imports
2015-08-01,44138.055272,china_imports
2015-09-01,45724.951242,china_imports
2015-10-01,44309.93252,china_imports
2015-11-01,41884.774152,china_imports
2015-12-01,37980.997419,china_imports
2016-01-01,37126.43412,china_imports
2016-02-01,36066.892525,china_imports
2016-03-01,29812.326908,china_imports
2016-04-01,32920.204539,china_imports
2016-05-01,37513.726589,china_imports
2016-06-01,38539.190214,china_imports
2016-07-01,39438.857738,china_imports
2016-08-01,43221.774205,china_imports
2016-09-01,42020.928547,china_imports
2016-10-01,43798.098424,china_imports
2016-11-01,42602.631733,china_imports
2016-12-01,39358.926061,china_imports
2017-01-01,41335.553396,china_imports
2017-02-01,32784.957412,china_imports
2017-03-01,34161.993661,china_imports
2017-04-01,37441.870879,china_imports
2017-05-01,41756.844722,china_imports
2017-06-01,42258.078621,china_imports
2017-07-01,43561.110857,china_imports
2017-08-01,45782.311949,china_imports
2017-09-01,45405.051275,china_imports
2017-10-01,48133.149629,china_imports
2017-11-01,48104.793415,china_imports
2017-12-01,44439.382241,china_imports
2018-01-01,45681.310362,china_imports
2018-02-01,38956.173961,china_imports
2018-03-01,38273.829291,china_imports
2018-04-01,38227.767574,china_imports
2018-05-01,43866.578304,china_imports
2018-06-01,44524.005052,china_imports
2018-07-01,47009.750007,china_imports
2018-08-01,47796.194112,china_imports
2018-09-01,49938.049895,china_imports
2018-10-01,52081.070497,china_imports
2018-11-01,46344.570969,china_imports
2018-12-01,45814.858502,china_imports
2019-01-01,41302.50818,china_imports
2019-02-01,33027.758098,china_imports
2019-03-01,31078.662933,china_imports
2019-04-01,34499.454932,china_imports
2019-05-01,39023.881706,china_imports
2019-06-01,38732.97518,china_imports
2019-07-01,41237.166159,china_imports
2019-08-01,40955.642945,china_imports
2019-09-01,39866.673154,china_imports
2019-10-01,39794.889454,china_imports
2019-11-01,36172.914882,china_imports
2019-12-01,33418.149084,china_imports
2020-01-01,32944.673286,china_imports
2020-02-01,22576.609689,china_imports
2020-03-01,19638.123468,china_imports
2020-04-01,30730.147843,china_imports
2020-05-01,36318.738261,china_imports
2020-06-01,37286.885658,china_imports
2020-07-01,40469.812982,china_imports
2020-08-01,40598.942662,china_imports
2020-09-01,41003.217161,china_imports
2020-10-01,44654.266193,china_imports
2020-11-01,44700.409933,china_imports
2020-12-01,41626.191515,china_imports
2021-01-01,38835.275419,china_imports
2021-02-01,33816.75994,china_imports
2021-03-01,39934.039704,china_imports
2021-04-01,37371.138998,china_imports
2021-05-01,38486.525451,china_imports
2021-06-01,39779.270246,china_imports
2021-07-01,40290.914463,china_imports
2021-08-01,42897.843401,china_imports
2021-09-01,47350.944635,china_imports
2021-10-01,47873.453886,china_imports
2021-11-01,48234.758989,china_imports
2021-12-01,49375.341266,china_imports
2022-01-01,47667.077458,china_imports
2022-02-01,42297.863971,china_imports
2022-03-01,47285.271444,china_imports
2022-04-01,41727.289477,china_imports
2022-05-01,43769.593642,china_imports
2022-06-01,48488.064176,china_imports
2022-07-01,46565.042288,china_imports
2022-08-01,50383.134999,china_imports
2022-09-01,49270.250025,china_imports
2022-10-01,44670.639494,china_imports
2022-11-01,36915.67136,china_imports
2022-12-01,37228.7909,china_imports
2023-01-01,38166.089291,china_imports
2023-02-01,30569.756691,china_imports
2023-03-01,30791.607258,china_imports
2023-04-01,33071.357368,china_imports
2023-05-01,35881.039803,china_imports
2023-06-01,34312.779447,china_imports
2023-07-01,36108.078368,china_imports
2023-08-01,36828.481231,china_imports
2023-09-01,40247.941237,china_imports
2023-10-01,41548.452853,china_imports
2023-11-01,35537.3694,china_imports
2023-12-01,34183.629889,china_imports
2024-01-01,35782.600942,china_imports
2024-02-01,31863.625771,china_imports
2024-03-01,29924.780142,china_imports
2024-04-01,31602.676956,china_imports
2024-05-01,34995.265867,china_imports
2024-06-01,34169.113741,china_imports
2024-07-01,40801.06899,china_imports
2024-08-01,39811.237007,china_imports
2024-09-01,43018.169857,china_imports
2024-10-01,41444.88019,china_imports
2024-11-01,37774.833328,china_imports
2024-12-01,37553.745287,china_imports
2025-01-01,41639.17075,china_imports
2025-02-01,31635.372246,china_imports
2025-03-01,29383.677776,china_imports
2025-04-01,25378.077558,china_imports
2025-05-01,20493.855247,china_imports
2025-06-01,18948.674201,china_imports
2025-07-01,26411.38867,china_imports
2025-08-01,25132.621489,china_imports
2025-09-01,23414.653023,china_imports
2025-10-01,23887.245543,china_imports
2025-11-01,20950.70719,china_imports
2025-12-01,21104.278609,china_imports
2026-01-01,21057.908407,china_imports
